Ion,Acetyl@S1 & Acetyl@K12 & Methyl@K79 & Oxidation@M84,Acetyl@S1 & Acetyl@K16 & Methyl@K79 & Oxidation@M84,Acetyl@S1 & Acetyl@K5 & Methyl@K79 & Oxidation@M84,Acetyl@S1 & Acetyl@K8 & Methyl@K79 & Oxidation@M84
c3,30040.2391204834,30040.2391204834,30040.2391204834,30040.2391204834
c4,4253.53114318848,4253.53114318848,4253.53114318848,4253.53114318848
c5,11813.6943702698,11813.6943702698,1942.51654052734,11813.6943702698
c6,1615.4340057373,1615.4340057373,2129.30034637451,1615.4340057373
c7,11567.5988540649,11567.5988540649,7531.38110733032,11567.5988540649
c8,4089.89260673523,4089.89260673523,11276.4005737305,11276.4005737305
c9,5566.57734870911,5566.57734870911,583.775726318359,583.775726318359
c10,2369.29398822784,2369.29398822784,6414.83477115631,6414.83477115631
c11,4867.25419235229,4867.25419235229,4696.88330078125,4696.88330078125
c12,14251.9916114807,682.411020278931,14251.9916114807,14251.9916114807
c13,10957.3053741455,2078.98009554545,10957.3053741455,10957.3053741455
c14,5596.31530570984,668.388317108154,5596.31530570984,5596.31530570984
c15,18498.9382578532,5947.59862136841,18498.9382578532,18498.9382578532
c16,7905.53181171417,7905.53181171417,7905.53181171417,7905.53181171417
c17,7112.46054967244,7112.46054967244,7112.46054967244,7112.46054967244
c18,248.735277811686,248.735277811686,248.735277811686,248.735277811686
c19,5172.8786239624,5172.8786239624,5172.8786239624,5172.8786239624
c20,685.934595108032,685.934595108032,685.934595108032,685.934595108032
c21,1634.96422576904,1634.96422576904,1634.96422576904,1634.96422576904
c22,4789.84419123332,4789.84419123332,4789.84419123332,4789.84419123332
c24,4564.22411473592,4564.22411473592,4564.22411473592,4564.22411473592
c25,720.288963317871,720.288963317871,720.288963317871,720.288963317871
c26,2707.52400334676,2707.52400334676,2707.52400334676,2707.52400334676
c28,4219.81931686401,4219.81931686401,4219.81931686401,4219.81931686401
c29,957.907604217529,957.907604217529,957.907604217529,957.907604217529
c30,3520.96118291219,3520.96118291219,3520.96118291219,3520.96118291219
c32,2646.85012435913,2646.85012435913,2646.85012435913,2646.85012435913
c33,992.839424133301,992.839424133301,992.839424133301,992.839424133301
c36,1583.82632446289,1583.82632446289,1583.82632446289,1583.82632446289
c37,1353.69827779134,1353.69827779134,1353.69827779134,1353.69827779134
c39,3017.74778747559,3017.74778747559,3017.74778747559,3017.74778747559
c43,3028.63331858317,3028.63331858317,3028.63331858317,3028.63331858317
c44,1042.16301981608,1042.16301981608,1042.16301981608,1042.16301981608
c47,2435.26876322428,2435.26876322428,2435.26876322428,2435.26876322428
c51,1064.22108459473,1064.22108459473,1064.22108459473,1064.22108459473
c54,657.938761393229,657.938761393229,657.938761393229,657.938761393229
